colsample_bytree,learning_rate,max_depth,min_child_weight,n_estimators,subsample,mape,rmse,status
0.8,0.03,3,1,300,0.8,1.0600530528040475,11.39513892096467,ok
0.8,0.03,3,1,300,0.9,1.073526335477742,11.525545465029147,ok
0.8,0.03,3,1,300,1.0,1.0742078492038443,11.495581368539042,ok
0.8,0.03,3,1,600,0.8,1.070439589630076,11.520006584159908,ok
0.8,0.03,3,1,600,0.9,1.0871760119488425,11.711180914099556,ok
0.8,0.03,3,1,600,1.0,1.0905793163157098,11.708330441694011,ok
0.8,0.03,3,1,900,0.8,1.0836650981779021,11.644571596789289,ok
0.8,0.03,3,1,900,0.9,1.10056478044512,11.859677422197882,ok
0.8,0.03,3,1,900,1.0,1.1072203287161928,11.919570417341133,ok
0.8,0.03,3,5,300,0.8,1.0541209647500553,11.336933156733608,ok
0.8,0.03,3,5,300,0.9,1.0623304282559618,11.371219036747144,ok
0.8,0.03,3,5,300,1.0,1.0622475927808075,11.374441268350491,ok
0.8,0.03,3,5,600,0.8,1.060040129838968,11.441338855032237,ok
0.8,0.03,3,5,600,0.9,1.0691062644794087,11.487312454513477,ok
0.8,0.03,3,5,600,1.0,1.0772708231598442,11.564165303403618,ok
0.8,0.03,3,5,900,0.8,1.0712580686331494,11.559931881476349,ok
0.8,0.03,3,5,900,0.9,1.074982846130902,11.60155013272543,ok
0.8,0.03,3,5,900,1.0,1.100776088569075,11.812110680849935,ok
0.8,0.03,3,10,300,0.8,1.060582142169317,11.378984282749277,ok
0.8,0.03,3,10,300,0.9,1.060192070915992,11.346034132598097,ok
0.8,0.03,3,10,300,1.0,1.0635755450065014,11.383041167869504,ok
0.8,0.03,3,10,600,0.8,1.0697890257478249,11.48901658175349,ok
0.8,0.03,3,10,600,0.9,1.0726883119404513,11.512632425717337,ok
0.8,0.03,3,10,600,1.0,1.0785214447678826,11.561127271384791,ok
0.8,0.03,3,10,900,0.8,1.0774814129343668,11.563862389763347,ok
0.8,0.03,3,10,900,0.9,1.083300980149555,11.622003593539912,ok
0.8,0.03,3,10,900,1.0,1.099293316569506,11.75868630153048,ok
0.8,0.03,5,1,300,0.8,1.107574187404948,11.862026970085964,ok
0.8,0.03,5,1,300,0.9,1.108372988583515,11.935927592427046,ok
0.8,0.03,5,1,300,1.0,1.1090124680838112,11.933124741320906,ok
0.8,0.03,5,1,600,0.8,1.124272531108616,12.02720699868959,ok
0.8,0.03,5,1,600,0.9,1.1288230136776578,12.141262897803545,ok
0.8,0.03,5,1,600,1.0,1.144009764759529,12.221889666081411,ok
0.8,0.03,5,1,900,0.8,1.1424666538137005,12.21279806379615,ok
0.8,0.03,5,1,900,0.9,1.1467224343441285,12.315927374931297,ok
0.8,0.03,5,1,900,1.0,1.1558011908751118,12.34354434367709,ok
0.8,0.03,5,5,300,0.8,1.076560173778336,11.54850056094284,ok
0.8,0.03,5,5,300,0.9,1.0880014655548884,11.650556006541873,ok
0.8,0.03,5,5,300,1.0,1.0885806232283195,11.667325776000244,ok
0.8,0.03,5,5,600,0.8,1.091540591084268,11.710186051097775,ok
0.8,0.03,5,5,600,0.9,1.1069379501660277,11.861676175916273,ok
0.8,0.03,5,5,600,1.0,1.1206877795721504,11.981265886327984,ok
0.8,0.03,5,5,900,0.8,1.1087865061046638,11.878247205286515,ok
0.8,0.03,5,5,900,0.9,1.128140519686729,12.087563480837122,ok
0.8,0.03,5,5,900,1.0,1.1459590880393953,12.188901336401385,ok
0.8,0.03,5,10,300,0.8,1.0755284188295935,11.510252348148335,ok
0.8,0.03,5,10,300,0.9,1.0771356388125066,11.518875912263589,ok
0.8,0.03,5,10,300,1.0,1.081985228718834,11.585335636653443,ok
0.8,0.03,5,10,600,0.8,1.1004229296465597,11.740815053318004,ok
0.8,0.03,5,10,600,0.9,1.0989368625218643,11.75303364734041,ok
0.8,0.03,5,10,600,1.0,1.1102185262374251,11.813165748330043,ok
0.8,0.03,5,10,900,0.8,1.1110262999944795,11.857495074746508,ok
0.8,0.03,5,10,900,0.9,1.117448775173403,11.917866145296244,ok
0.8,0.03,5,10,900,1.0,1.1343810056017234,12.043386800911055,ok
0.8,0.03,7,1,300,0.8,1.1382478834814844,12.18823751471045,ok
0.8,0.03,7,1,300,0.9,1.135431826076606,12.148369308108569,ok
0.8,0.03,7,1,300,1.0,1.144565570175764,12.231685231326109,ok
0.8,0.03,7,1,600,0.8,1.1656744616050154,12.398657130722032,ok
0.8,0.03,7,1,600,0.9,1.1637739602257566,12.395659129055256,ok
0.8,0.03,7,1,600,1.0,1.1733570041570864,12.434023113652328,ok
0.8,0.03,7,1,900,0.8,1.1875100050671878,12.582090400762832,ok
0.8,0.03,7,1,900,0.9,1.1844710896407666,12.552112374852646,ok
0.8,0.03,7,1,900,1.0,1.1916186446440948,12.584158181791935,ok
0.8,0.03,7,5,300,0.8,1.0874523473599864,11.665663645214842,ok
0.8,0.03,7,5,300,0.9,1.1013766743595992,11.754130613415814,ok
0.8,0.03,7,5,300,1.0,1.1091873406990251,11.854566516944551,ok
0.8,0.03,7,5,600,0.8,1.1120125396649303,11.967335062470761,ok
0.8,0.03,7,5,600,0.9,1.1249035199615778,11.972547830897923,ok
0.8,0.03,7,5,600,1.0,1.1418274620807904,12.151308156131488,ok
0.8,0.03,7,5,900,0.8,1.129693059901185,12.134939524066661,ok
0.8,0.03,7,5,900,0.9,1.14771841394686,12.220341066929786,ok
0.8,0.03,7,5,900,1.0,1.1607995393902604,12.346432375017898,ok
0.8,0.03,7,10,300,0.8,1.0915838552543387,11.661364521788709,ok
0.8,0.03,7,10,300,0.9,1.0899732721141742,11.672779457216869,ok
0.8,0.03,7,10,300,1.0,1.0895705143520555,11.709590749805031,ok
0.8,0.03,7,10,600,0.8,1.116847638036404,11.902216869599199,ok
0.8,0.03,7,10,600,0.9,1.1271449894723826,12.01256895242787,ok
0.8,0.03,7,10,600,1.0,1.1162588668676088,11.918610636690332,ok
0.8,0.03,7,10,900,0.8,1.1391488058874601,12.127402919586165,ok
0.8,0.03,7,10,900,0.9,1.1527420202626804,12.222007077585948,ok
0.8,0.03,7,10,900,1.0,1.145640527733947,12.15102680772453,ok
0.8,0.05,3,1,300,0.8,1.0830120865001225,11.640217032150936,ok
0.8,0.05,3,1,300,0.9,1.0727047013334479,11.549815932838957,ok
0.8,0.05,3,1,300,1.0,1.091803961135215,11.650519067602277,ok
0.8,0.05,3,1,600,0.8,1.1118375564838654,11.90638113697,ok
0.8,0.05,3,1,600,0.9,1.0941081752749415,11.79589677632697,ok
0.8,0.05,3,1,600,1.0,1.1129222416160998,11.883296813658507,ok
0.8,0.05,3,1,900,0.8,1.1239411242294097,12.035128530322236,ok
0.8,0.05,3,1,900,0.9,1.1203811941374753,12.033074475624742,ok
0.8,0.05,3,1,900,1.0,1.1420347730266411,12.17463518489669,ok
0.8,0.05,3,5,300,0.8,1.0647593685857584,11.458692284146576,ok
0.8,0.05,3,5,300,0.9,1.0757678423916344,11.54142358908297,ok
0.8,0.05,3,5,300,1.0,1.0781402676801766,11.531447025338636,ok
0.8,0.05,3,5,600,0.8,1.0812192530780524,11.686969294547161,ok
0.8,0.05,3,5,600,0.9,1.0877800634573767,11.747872655212197,ok
0.8,0.05,3,5,600,1.0,1.0914240812996718,11.66889872237443,ok
0.8,0.05,3,5,900,0.8,1.0907653849140009,11.801010745494127,ok
0.8,0.05,3,5,900,0.9,1.1078891946639924,11.957676278078653,ok
0.8,0.05,3,5,900,1.0,1.114600804522211,11.940580399174927,ok
0.8,0.05,3,10,300,0.8,1.070234540243578,11.469275868606934,ok
0.8,0.05,3,10,300,0.9,1.0729175980562127,11.508024593984235,ok
0.8,0.05,3,10,300,1.0,1.075023057152385,11.497185106514063,ok
0.8,0.05,3,10,600,0.8,1.0855734042694807,11.65705090015838,ok
0.8,0.05,3,10,600,0.9,1.090588840926579,11.730462991481287,ok
0.8,0.05,3,10,600,1.0,1.1054493287039688,11.768552051714712,ok
0.8,0.05,3,10,900,0.8,1.0930395304818614,11.765152147000153,ok
0.8,0.05,3,10,900,0.9,1.1047358947104422,11.864368438814864,ok
0.8,0.05,3,10,900,1.0,1.126660251052568,12.00779082112924,ok
0.8,0.05,5,1,300,0.8,1.12967742185501,12.11501565238095,ok
0.8,0.05,5,1,300,0.9,1.137232702145993,12.157335659086964,ok
0.8,0.05,5,1,300,1.0,1.1313124042597382,12.058115839853892,ok
0.8,0.05,5,1,600,0.8,1.1624042072128902,12.424045120125658,ok
0.8,0.05,5,1,600,0.9,1.1717484003124654,12.41546163488318,ok
0.8,0.05,5,1,600,1.0,1.1655589733704976,12.427456589816066,ok
0.8,0.05,5,1,900,0.8,1.1857049462654743,12.668972874869706,ok
0.8,0.05,5,1,900,0.9,1.1888905891391195,12.569432605158523,ok
0.8,0.05,5,1,900,1.0,1.1889790036491639,12.635261956412332,ok
0.8,0.05,5,5,300,0.8,1.0898462736395402,11.700387637930506,ok
0.8,0.05,5,5,300,0.9,1.0949420110146184,11.801168059845734,ok
0.8,0.05,5,5,300,1.0,1.09935413762718,11.786125376233004,ok
0.8,0.05,5,5,600,0.8,1.1207750128036216,12.026011522897823,ok
0.8,0.05,5,5,600,0.9,1.1268271655536723,12.154907857604352,ok
0.8,0.05,5,5,600,1.0,1.1337395451660497,12.085921511430206,ok
0.8,0.05,5,5,900,0.8,1.1369828646227575,12.203122851524865,ok
0.8,0.05,5,5,900,0.9,1.151500904491791,12.386381989119066,ok
0.8,0.05,5,5,900,1.0,1.1542287072899557,12.317938063777355,ok
0.8,0.05,5,10,300,0.8,1.0978883534420447,11.752263716920906,ok
0.8,0.05,5,10,300,0.9,1.0991249038216335,11.74326971505525,ok
0.8,0.05,5,10,300,1.0,1.113595072137746,11.795839774377718,ok
0.8,0.05,5,10,600,0.8,1.1375317681418746,12.103500728455122,ok
0.8,0.05,5,10,600,0.9,1.133719908237545,12.11235897291197,ok
0.8,0.05,5,10,600,1.0,1.1312206105144271,12.003315119490718,ok
0.8,0.05,5,10,900,0.8,1.1542639800055212,12.323112500266738,ok
0.8,0.05,5,10,900,0.9,1.1497352464947863,12.318329837653653,ok
0.8,0.05,5,10,900,1.0,1.1531760032698843,12.239805399199636,ok
0.8,0.05,7,1,300,0.8,1.151201225341911,12.397418146214603,ok
0.8,0.05,7,1,300,0.9,1.1907557547572265,12.602025892155153,ok
0.8,0.05,7,1,300,1.0,1.1562581861364543,12.416616656856597,ok
0.8,0.05,7,1,600,0.8,1.1786783305679531,12.65034186154852,ok
0.8,0.05,7,1,600,0.9,1.2142138691777462,12.848787953340045,ok
0.8,0.05,7,1,600,1.0,1.1925196141678487,12.770759255598223,ok
0.8,0.05,7,1,900,0.8,1.1925580433659413,12.75188788291537,ok
0.8,0.05,7,1,900,0.9,1.2282826684685098,12.957532131821239,ok
0.8,0.05,7,1,900,1.0,1.2080227725913548,12.900719710385077,ok
0.8,0.05,7,5,300,0.8,1.1092481403270453,11.89960824854505,ok
0.8,0.05,7,5,300,0.9,1.1250155830856556,12.04221647972365,ok
0.8,0.05,7,5,300,1.0,1.1395051161915883,12.149998392426603,ok
0.8,0.05,7,5,600,0.8,1.1503933624200022,12.32179398233973,ok
0.8,0.05,7,5,600,0.9,1.1683595981457926,12.432089793968128,ok
0.8,0.05,7,5,600,1.0,1.1694545983722067,12.494583121045528,ok
0.8,0.05,7,5,900,0.8,1.1650205610323003,12.454804620673011,ok
0.8,0.05,7,5,900,0.9,1.188247457219221,12.596809653438212,ok
0.8,0.05,7,5,900,1.0,1.1882822587316615,12.67747250554365,ok
0.8,0.05,7,10,300,0.8,1.0933879872791021,11.770789080862862,ok
0.8,0.05,7,10,300,0.9,1.129032072967479,11.939588335208267,ok
0.8,0.05,7,10,300,1.0,1.1115400600204361,11.868233239651062,ok
0.8,0.05,7,10,600,0.8,1.1303211755414875,12.161788218847567,ok
0.8,0.05,7,10,600,0.9,1.1721543646724457,12.41474765965072,ok
0.8,0.05,7,10,600,1.0,1.1521405542994652,12.257699136193061,ok
0.8,0.05,7,10,900,0.8,1.1542678046195702,12.34277442414186,ok
0.8,0.05,7,10,900,0.9,1.1913920150832218,12.583029869284085,ok
0.8,0.05,7,10,900,1.0,1.1710768248836831,12.423594015452434,ok
0.8,0.1,3,1,300,0.8,1.1131579752234542,11.9219415520211,ok
0.8,0.1,3,1,300,0.9,1.123475858137211,12.027908130951607,ok
0.8,0.1,3,1,300,1.0,1.1181375402432454,11.95336963029631,ok
0.8,0.1,3,1,600,0.8,1.1364348883439466,12.317083199899747,ok
0.8,0.1,3,1,600,0.9,1.1519477346915248,12.443265536962821,ok
0.8,0.1,3,1,600,1.0,1.1626194351056671,12.453176886294852,ok
0.8,0.1,3,1,900,0.8,1.1620319571903297,12.544606736597302,ok
0.8,0.1,3,1,900,0.9,1.1785231716163806,12.751275827129595,ok
0.8,0.1,3,1,900,1.0,1.1878292871915574,12.693821947206118,ok
0.8,0.1,3,5,300,0.8,1.0874109359718653,11.678045674844963,ok
0.8,0.1,3,5,300,0.9,1.1027553315428764,11.836407940298965,ok
0.8,0.1,3,5,300,1.0,1.1056198808982307,11.821488195373025,ok
0.8,0.1,3,5,600,0.8,1.116422980830025,12.07556285396147,ok
0.8,0.1,3,5,600,0.9,1.1269118613437334,12.159010049849305,ok
0.8,0.1,3,5,600,1.0,1.1278633360850703,12.098050509670557,ok
0.8,0.1,3,5,900,0.8,1.1240811006749252,12.208745246481715,ok
0.8,0.1,3,5,900,0.9,1.146941927028917,12.416820369697641,ok
0.8,0.1,3,5,900,1.0,1.1566173567220424,12.394100207018436,ok
0.8,0.1,3,10,300,0.8,1.077278274243017,11.529343725407177,ok
0.8,0.1,3,10,300,0.9,1.091556801673497,11.702890660383328,ok
0.8,0.1,3,10,300,1.0,1.1223601698872978,11.927869908745581,ok
0.8,0.1,3,10,600,0.8,1.1050634087887696,11.874426024603457,ok
0.8,0.1,3,10,600,0.9,1.1215476815040124,12.073517215463234,ok
0.8,0.1,3,10,600,1.0,1.1364309659866683,12.171081501491937,ok
0.8,0.1,3,10,900,0.8,1.1123176966337054,12.0099104855101,ok
0.8,0.1,3,10,900,0.9,1.1447928498272644,12.354290387893586,ok
0.8,0.1,3,10,900,1.0,1.1609138741036489,12.4336290349774,ok
0.8,0.1,5,1,300,0.8,1.206208260195165,12.885933617629767,ok
0.8,0.1,5,1,300,0.9,1.1823118146208629,12.52124520740724,ok
0.8,0.1,5,1,300,1.0,1.1602742239584178,12.318735764802325,ok
0.8,0.1,5,1,600,0.8,1.2331378087358271,13.143265042969666,ok
0.8,0.1,5,1,600,0.9,1.1927467957290387,12.64192727786312,ok
0.8,0.1,5,1,600,1.0,1.1972752915538118,12.685234062665495,ok
0.8,0.1,5,1,900,0.8,1.2465240670919926,13.30116069419782,ok
0.8,0.1,5,1,900,0.9,1.2040587343952174,12.753509029619174,ok
0.8,0.1,5,1,900,1.0,1.202353448216521,12.779716258413199,ok
0.8,0.1,5,5,300,0.8,1.154516338067885,12.28963855092947,ok
0.8,0.1,5,5,300,0.9,1.1396428215280463,12.210969558513392,ok
0.8,0.1,5,5,300,1.0,1.1374302596665387,12.1706900754276,ok
0.8,0.1,5,5,600,0.8,1.1875751456881625,12.665412912030593,ok
0.8,0.1,5,5,600,0.9,1.1679604339913858,12.483713623566612,ok
0.8,0.1,5,5,600,1.0,1.1667572629449456,12.427081740749923,ok
0.8,0.1,5,5,900,0.8,1.2097895802781409,12.879455379045831,ok
0.8,0.1,5,5,900,0.9,1.190880735205359,12.701025606512712,ok
0.8,0.1,5,5,900,1.0,1.1762024330186351,12.497304663567435,ok
0.8,0.1,5,10,300,0.8,1.1264553517260796,12.106218851487286,ok
0.8,0.1,5,10,300,0.9,1.1285261188217455,12.040141981521455,ok
0.8,0.1,5,10,300,1.0,1.1502680397660066,12.096976872189957,ok
0.8,0.1,5,10,600,0.8,1.1705210098575831,12.538679058092363,ok
0.8,0.1,5,10,600,0.9,1.1620606260510755,12.455458830319591,ok
0.8,0.1,5,10,600,1.0,1.1844150076178468,12.506567551137232,ok
0.8,0.1,5,10,900,0.8,1.1867734531529337,12.689840341736424,ok
0.8,0.1,5,10,900,0.9,1.187874347953215,12.682827261343522,ok
0.8,0.1,5,10,900,1.0,1.1951382362783127,12.673596774532712,ok
0.8,0.1,7,1,300,0.8,1.2105078470281834,12.874010042090543,ok
0.8,0.1,7,1,300,0.9,1.206286165199903,12.82638593787378,ok
0.8,0.1,7,1,300,1.0,1.2214175404011853,13.01836008318849,ok
0.8,0.1,7,1,600,0.8,1.221644633333118,12.996818659897967,ok
0.8,0.1,7,1,600,0.9,1.2159456635961345,12.93870643492762,ok
0.8,0.1,7,1,600,1.0,1.2426570758019726,13.225422656356209,ok
0.8,0.1,7,1,900,0.8,1.2232753360591042,13.013259868390477,ok
0.8,0.1,7,1,900,0.9,1.2193493567851528,12.973192537579676,ok
0.8,0.1,7,1,900,1.0,1.2466381470897487,13.25587277677185,ok
0.8,0.1,7,5,300,0.8,1.1862877894134438,12.653014675127146,ok
0.8,0.1,7,5,300,0.9,1.1683657274804098,12.542299271328723,ok
0.8,0.1,7,5,300,1.0,1.1776464805375038,12.467384853612543,ok
0.8,0.1,7,5,600,0.8,1.2126509893264965,12.913816240423506,ok
0.8,0.1,7,5,600,0.9,1.1915394206379417,12.792036202127282,ok
0.8,0.1,7,5,600,1.0,1.2066510909286872,12.746284283716053,ok
0.8,0.1,7,5,900,0.8,1.2176854342589627,12.978240550018404,ok
0.8,0.1,7,5,900,0.9,1.19879840236086,12.873857486311596,ok
0.8,0.1,7,5,900,1.0,1.2165906755337719,12.810026039359775,ok
0.8,0.1,7,10,300,0.8,1.1621655579158685,12.337170610336695,ok
0.8,0.1,7,10,300,0.9,1.1596477129280776,12.386805920342717,ok
0.8,0.1,7,10,300,1.0,1.174389436391208,12.36452808839756,ok
0.8,0.1,7,10,600,0.8,1.2064220818073295,12.804476167703642,ok
0.8,0.1,7,10,600,0.9,1.1787500667028306,12.624449322113582,ok
0.8,0.1,7,10,600,1.0,1.2031361546040542,12.636056430265187,ok
0.8,0.1,7,10,900,0.8,1.224389232837083,12.963197834679926,ok
0.8,0.1,7,10,900,0.9,1.1942226131255775,12.74033490109788,ok
0.8,0.1,7,10,900,1.0,1.217359558787468,12.780108221797729,ok
0.9,0.03,3,1,300,0.8,1.0639135746739667,11.435900629407431,ok
0.9,0.03,3,1,300,0.9,1.0726266571903131,11.517490198089607,ok
0.9,0.03,3,1,300,1.0,1.0775139808598566,11.535111409105518,ok
0.9,0.03,3,1,600,0.8,1.070956542952917,11.527086206787493,ok
0.9,0.03,3,1,600,0.9,1.0840320652133197,11.667028209851411,ok
0.9,0.03,3,1,600,1.0,1.0921305546462117,11.745071968275434,ok
0.9,0.03,3,1,900,0.8,1.0848408751080512,11.639400184692935,ok
0.9,0.03,3,1,900,0.9,1.0992880525058832,11.838043939355101,ok
0.9,0.03,3,1,900,1.0,1.1049846613821828,11.907085776191272,ok
0.9,0.03,3,5,300,0.8,1.059654176362724,11.38057665591109,ok
0.9,0.03,3,5,300,0.9,1.063958615150093,11.416499781195608,ok
0.9,0.03,3,5,300,1.0,1.0736620514434523,11.500682081699143,ok
0.9,0.03,3,5,600,0.8,1.0695845711218723,11.510053006859339,ok
0.9,0.03,3,5,600,0.9,1.0736062872701002,11.557240409624677,ok
0.9,0.03,3,5,600,1.0,1.0830535010240632,11.654141912736694,ok
0.9,0.03,3,5,900,0.8,1.0783612430570995,11.602595508118114,ok
0.9,0.03,3,5,900,0.9,1.0820924950224031,11.690602788915927,ok
0.9,0.03,3,5,900,1.0,1.0966764350125515,11.808414230003544,ok
0.9,0.03,3,10,300,0.8,1.0659243940914978,11.420488364178327,ok
0.9,0.03,3,10,300,0.9,1.065669098742815,11.395786172481735,ok
0.9,0.03,3,10,300,1.0,1.0671706587140255,11.443157741722134,ok
0.9,0.03,3,10,600,0.8,1.0738107152596328,11.504209474906233,ok
0.9,0.03,3,10,600,0.9,1.0780606712685947,11.545482149942012,ok
0.9,0.03,3,10,600,1.0,1.082766286513769,11.617938324002616,ok
0.9,0.03,3,10,900,0.8,1.0792054413680021,11.558384263157237,ok
0.9,0.03,3,10,900,0.9,1.0847518646717276,11.637212239074755,ok
0.9,0.03,3,10,900,1.0,1.0996522487581288,11.781550827367258,ok
0.9,0.03,5,1,300,0.8,1.1107530639229748,11.905096924395327,ok
0.9,0.03,5,1,300,0.9,1.1176713065559025,11.98748334157976,ok
0.9,0.03,5,1,300,1.0,1.1145847207732837,11.953479161553021,ok
0.9,0.03,5,1,600,0.8,1.1372704074040876,12.140165710322124,ok
0.9,0.03,5,1,600,0.9,1.1387872373984844,12.164208757011814,ok
0.9,0.03,5,1,600,1.0,1.1548276305481735,12.284475544062905,ok
0.9,0.03,5,1,900,0.8,1.1590087945797123,12.35491779208517,ok
0.9,0.03,5,1,900,0.9,1.1603129018619351,12.347917591616959,ok
0.9,0.03,5,1,900,1.0,1.167475913379459,12.411828215502636,ok
0.9,0.03,5,5,300,0.8,1.0794544586795058,11.580282663701256,ok
0.9,0.03,5,5,300,0.9,1.0924231610633157,11.709034294940212,ok
0.9,0.03,5,5,300,1.0,1.096759455390185,11.720456750366635,ok
0.9,0.03,5,5,600,0.8,1.0941750338745824,11.73491165326172,ok
0.9,0.03,5,5,600,0.9,1.1128778962985448,11.910867545007164,ok
0.9,0.03,5,5,600,1.0,1.1232075716216479,12.030963937313357,ok
0.9,0.03,5,5,900,0.8,1.1118363109635092,11.91652596874067,ok
0.9,0.03,5,5,900,0.9,1.1304303357899403,12.132136132349233,ok
0.9,0.03,5,5,900,1.0,1.1381448643316316,12.193977868202147,ok
0.9,0.03,5,10,300,0.8,1.085387934634407,11.60965832294373,ok
0.9,0.03,5,10,300,0.9,1.075739681915665,11.52883657893051,ok
0.9,0.03,5,10,300,1.0,1.0877132752493346,11.650718612027385,ok
0.9,0.03,5,10,600,0.8,1.1043726852954547,11.801619378518557,ok
0.9,0.03,5,10,600,0.9,1.1004710013856944,11.803140330473731,ok
0.9,0.03,5,10,600,1.0,1.1228669187835894,11.953360757201107,ok
0.9,0.03,5,10,900,0.8,1.112056182594515,11.90706726650273,ok
0.9,0.03,5,10,900,0.9,1.1241243665842013,12.029570790810899,ok
0.9,0.03,5,10,900,1.0,1.1425805470386752,12.165461148604047,ok
0.9,0.03,7,1,300,0.8,1.1521836712836044,12.334278190200676,ok
0.9,0.03,7,1,300,0.9,1.1464553272706288,12.266378160013721,ok
0.9,0.03,7,1,300,1.0,1.1724264515125873,12.49117430020954,ok
0.9,0.03,7,1,600,0.8,1.1743591334472658,12.559287719768385,ok
0.9,0.03,7,1,600,0.9,1.1705075873371662,12.465031362446004,ok
0.9,0.03,7,1,600,1.0,1.2100990568214904,12.788498889643021,ok
0.9,0.03,7,1,900,0.8,1.1992452905807547,12.743482416814283,ok
0.9,0.03,7,1,900,0.9,1.1894227411835263,12.62590721440715,ok
0.9,0.03,7,1,900,1.0,1.223082905131705,12.913335098592123,ok
0.9,0.03,7,5,300,0.8,1.0883983104525385,11.645386805362536,ok
0.9,0.03,7,5,300,0.9,1.1223298466089302,11.906471880862217,ok
0.9,0.03,7,5,300,1.0,1.1056035293498607,11.860082361621519,ok
0.9,0.03,7,5,600,0.8,1.1170703508974213,11.916042382938588,ok
0.9,0.03,7,5,600,0.9,1.1497234185085001,12.151718864136113,ok
0.9,0.03,7,5,600,1.0,1.1337126113280167,12.134840287410212,ok
0.9,0.03,7,5,900,0.8,1.135647838518832,12.095401190903422,ok
0.9,0.03,7,5,900,0.9,1.162950377073207,12.290735441841358,ok
0.9,0.03,7,5,900,1.0,1.1467412700134112,12.293060769956517,ok
0.9,0.03,7,10,300,0.8,1.087528142572016,11.630371467500979,ok
0.9,0.03,7,10,300,0.9,1.0987587183532588,11.722334801287714,ok
0.9,0.03,7,10,300,1.0,1.1038710159482434,11.799889822337299,ok
0.9,0.03,7,10,600,0.8,1.1073044336343918,11.898861016405286,ok
0.9,0.03,7,10,600,0.9,1.128458786387564,12.008979272608476,ok
0.9,0.03,7,10,600,1.0,1.130698252115433,12.061427557127056,ok
0.9,0.03,7,10,900,0.8,1.1279126037473348,12.100077498823943,ok
0.9,0.03,7,10,900,0.9,1.144491038554709,12.16733253689301,ok
0.9,0.03,7,10,900,1.0,1.147323767197697,12.234028093619857,ok
0.9,0.05,3,1,300,0.8,1.0634516726842194,11.440744352609707,ok
0.9,0.05,3,1,300,0.9,1.0730012504410877,11.555199802041022,ok
0.9,0.05,3,1,300,1.0,1.084849149873081,11.586870013595242,ok
0.9,0.05,3,1,600,0.8,1.0969494770686719,11.780472489797639,ok
0.9,0.05,3,1,600,0.9,1.0999753894599351,11.87186466835828,ok
0.9,0.05,3,1,600,1.0,1.1039668090516204,11.856692087651266,ok
0.9,0.05,3,1,900,0.8,1.1084698977726484,11.912511895093365,ok
0.9,0.05,3,1,900,0.9,1.1190635163573601,12.044178685190449,ok
0.9,0.05,3,1,900,1.0,1.1232411528879747,12.099604302441023,ok
0.9,0.05,3,5,300,0.8,1.057390982556246,11.407038452485988,ok
0.9,0.05,3,5,300,0.9,1.0705077207036724,11.528994119219705,ok
0.9,0.05,3,5,300,1.0,1.0776457679118587,11.535210362838654,ok
0.9,0.05,3,5,600,0.8,1.080606488185834,11.668721286185672,ok
0.9,0.05,3,5,600,0.9,1.078738325727256,11.69251723756606,ok
0.9,0.05,3,5,600,1.0,1.0954413494813822,11.756730394161696,ok
0.9,0.05,3,5,900,0.8,1.0895819900430188,11.780625843654478,ok
0.9,0.05,3,5,900,0.9,1.0984177103817427,11.91874605601578,ok
0.9,0.05,3,5,900,1.0,1.1200736240012004,12.04134156590265,ok
0.9,0.05,3,10,300,0.8,1.0541915409133598,11.367035107822307,ok
0.9,0.05,3,10,300,0.9,1.0713309404162497,11.527901409819872,ok
0.9,0.05,3,10,300,1.0,1.0826355269356704,11.579539941615835,ok
0.9,0.05,3,10,600,0.8,1.0801421529215003,11.63794254497061,ok
0.9,0.05,3,10,600,0.9,1.0918316383713949,11.777556774705452,ok
0.9,0.05,3,10,600,1.0,1.116861094786442,11.868703147297678,ok
0.9,0.05,3,10,900,0.8,1.0829466647661847,11.690690622245828,ok
0.9,0.05,3,10,900,0.9,1.1080155163554501,11.952592348535696,ok
0.9,0.05,3,10,900,1.0,1.1398591653126604,12.134204221937742,ok
0.9,0.05,5,1,300,0.8,1.1411523226403624,12.280154915782294,ok
0.9,0.05,5,1,300,0.9,1.1511619018526817,12.24350226865792,ok
0.9,0.05,5,1,300,1.0,1.1394447755337935,12.167140590070032,ok
0.9,0.05,5,1,600,0.8,1.190882901523714,12.660611079328358,ok
0.9,0.05,5,1,600,0.9,1.182798042965572,12.600089420769187,ok
0.9,0.05,5,1,600,1.0,1.1559210288572686,12.380494893170583,ok
0.9,0.05,5,1,900,0.8,1.2073831094146688,12.851263321922925,ok
0.9,0.05,5,1,900,0.9,1.2040134105622886,12.761738558933553,ok
0.9,0.05,5,1,900,1.0,1.1780165416560038,12.548210346522778,ok
0.9,0.05,5,5,300,0.8,1.089951656928201,11.712178361246346,ok
0.9,0.05,5,5,300,0.9,1.1064094257577433,11.797617629132105,ok
0.9,0.05,5,5,300,1.0,1.1022238069152945,11.78684002902178,ok
0.9,0.05,5,5,600,0.8,1.1192636233810263,12.016521428215961,ok
0.9,0.05,5,5,600,0.9,1.1363663816465541,12.155563717975188,ok
0.9,0.05,5,5,600,1.0,1.1351360801284167,12.125129058258048,ok
0.9,0.05,5,5,900,0.8,1.142916462960097,12.261165415109183,ok
0.9,0.05,5,5,900,0.9,1.1640334780815103,12.399453974885185,ok
0.9,0.05,5,5,900,1.0,1.1541570898179043,12.330305139988733,ok
0.9,0.05,5,10,300,0.8,1.0977830949150527,11.753134284170272,ok
0.9,0.05,5,10,300,0.9,1.1040968167240424,11.835183280932508,ok
0.9,0.05,5,10,300,1.0,1.1100816649935215,11.831595020841252,ok
0.9,0.05,5,10,600,0.8,1.1258238989227964,12.01029692961122,ok
0.9,0.05,5,10,600,0.9,1.1353365203722787,12.185146310822727,ok
0.9,0.05,5,10,600,1.0,1.1534931967990258,12.238436447617167,ok
0.9,0.05,5,10,900,0.8,1.1470726330383523,12.217175258329734,ok
0.9,0.05,5,10,900,0.9,1.1538003503760283,12.374993758155819,ok
0.9,0.05,5,10,900,1.0,1.1673081474312204,12.393988440878251,ok
0.9,0.05,7,1,300,0.8,1.1893957393639365,12.745521150680075,ok
0.9,0.05,7,1,300,0.9,1.1913132748374662,12.586949593139583,ok
0.9,0.05,7,1,300,1.0,1.190574250132352,12.675914183979863,ok
0.9,0.05,7,1,600,0.8,1.2198459234062642,12.966930492424478,ok
0.9,0.05,7,1,600,0.9,1.2278485079350667,12.909185832292511,ok
0.9,0.05,7,1,600,1.0,1.2167420696773235,12.930925228518086,ok
0.9,0.05,7,1,900,0.8,1.2315806997377154,13.073354557131331,ok
0.9,0.05,7,1,900,0.9,1.2382547432853408,13.014439514435656,ok
0.9,0.05,7,1,900,1.0,1.2283042313959616,13.016415766445938,ok
0.9,0.05,7,5,300,0.8,1.1096332741557848,11.980300198683185,ok
0.9,0.05,7,5,300,0.9,1.1255647716905623,11.994000998607646,ok
0.9,0.05,7,5,300,1.0,1.1558785693973266,12.292959009128207,ok
0.9,0.05,7,5,600,0.8,1.1499644688196315,12.328124159460335,ok
0.9,0.05,7,5,600,0.9,1.1578468499277972,12.30735710236526,ok
0.9,0.05,7,5,600,1.0,1.181540517480351,12.572827831148022,ok
0.9,0.05,7,5,900,0.8,1.1724006062649692,12.506310359673925,ok
0.9,0.05,7,5,900,0.9,1.1796620221798515,12.516134088376438,ok
0.9,0.05,7,5,900,1.0,1.1925850273546297,12.665143124951046,ok
0.9,0.05,7,10,300,0.8,1.1045932817049025,11.805630927052198,ok
0.9,0.05,7,10,300,0.9,1.126657990984986,12.001728067440178,ok
0.9,0.05,7,10,300,1.0,1.1241779494206552,11.944607938938592,ok
0.9,0.05,7,10,600,0.8,1.1536638950222293,12.287319849596361,ok
0.9,0.05,7,10,600,0.9,1.1666925858539945,12.379659874063442,ok
0.9,0.05,7,10,600,1.0,1.1663022401968905,12.287706041014072,ok
0.9,0.05,7,10,900,0.8,1.1728231294177018,12.455013198625297,ok
0.9,0.05,7,10,900,0.9,1.181576190915615,12.506540030921274,ok
0.9,0.05,7,10,900,1.0,1.1761587873380632,12.400396779653331,ok
0.9,0.1,3,1,300,0.8,1.1359052632164504,12.193142526738837,ok
0.9,0.1,3,1,300,0.9,1.1220880311836956,12.100145137403945,ok
0.9,0.1,3,1,300,1.0,1.1357112071072273,12.126674119919452,ok
0.9,0.1,3,1,600,0.8,1.1575569280922329,12.443859256339127,ok
0.9,0.1,3,1,600,0.9,1.1321303082260465,12.26307900065453,ok
0.9,0.1,3,1,600,1.0,1.171354818910927,12.504310010848071,ok
0.9,0.1,3,1,900,0.8,1.1768007395460256,12.670380295569244,ok
0.9,0.1,3,1,900,0.9,1.1656103841522472,12.598643004306311,ok
0.9,0.1,3,1,900,1.0,1.2097970377269893,12.903509583099014,ok
0.9,0.1,3,5,300,0.8,1.0981528327322854,11.810368696525025,ok
0.9,0.1,3,5,300,0.9,1.1105986374558938,11.981031718382535,ok
0.9,0.1,3,5,300,1.0,1.117314966457935,11.949156630726813,ok
0.9,0.1,3,5,600,0.8,1.1343275279073972,12.237880325105468,ok
0.9,0.1,3,5,600,0.9,1.1381004297447908,12.318869199927514,ok
0.9,0.1,3,5,600,1.0,1.1509508290656765,12.353083391938426,ok
0.9,0.1,3,5,900,0.8,1.1535459286103504,12.39602490168298,ok
0.9,0.1,3,5,900,0.9,1.1506687113156353,12.557302486986293,ok
0.9,0.1,3,5,900,1.0,1.165801583361628,12.56963298493454,ok
0.9,0.1,3,10,300,0.8,1.105802928552357,11.754326020178114,ok
0.9,0.1,3,10,300,0.9,1.094740110970032,11.78700175301008,ok
0.9,0.1,3,10,300,1.0,1.118238454470025,11.874720409091326,ok
0.9,0.1,3,10,600,0.8,1.1306788423138054,12.066226413936619,ok
0.9,0.1,3,10,600,0.9,1.1147769281343156,12.049849187451882,ok
0.9,0.1,3,10,600,1.0,1.159198572991167,12.311473478473763,ok
0.9,0.1,3,10,900,0.8,1.1528121804111413,12.293587531419687,ok
0.9,0.1,3,10,900,0.9,1.1366990491960514,12.307542234453853,ok
0.9,0.1,3,10,900,1.0,1.170875052882605,12.461828705531943,ok
0.9,0.1,5,1,300,0.8,1.2011560773742764,12.74802911460682,ok
0.9,0.1,5,1,300,0.9,1.1769246379900242,12.527241370869532,ok
0.9,0.1,5,1,300,1.0,1.1836245405871884,12.595623488607936,ok
0.9,0.1,5,1,600,0.8,1.2161570967784139,12.947192991900703,ok
0.9,0.1,5,1,600,0.9,1.2064253702348224,12.825035033616034,ok
0.9,0.1,5,1,600,1.0,1.2220007832498012,12.978662823012455,ok
0.9,0.1,5,1,900,0.8,1.2164062200264774,12.951775336978852,ok
0.9,0.1,5,1,900,0.9,1.2191477672990063,12.941641209572074,ok
0.9,0.1,5,1,900,1.0,1.2370723086078383,13.13349860756543,ok
0.9,0.1,5,5,300,0.8,1.1730203570620523,12.466619703116816,ok
0.9,0.1,5,5,300,0.9,1.1556771972595958,12.330344704161789,ok
0.9,0.1,5,5,300,1.0,1.170406369690307,12.460709385851027,ok
0.9,0.1,5,5,600,0.8,1.218634360581573,12.92217590630503,ok
0.9,0.1,5,5,600,0.9,1.17639172356689,12.572212413705264,ok
0.9,0.1,5,5,600,1.0,1.1942611775154983,12.632082328570693,ok
0.9,0.1,5,5,900,0.8,1.2363976788858082,13.104610008648267,ok
0.9,0.1,5,5,900,0.9,1.19262260915328,12.745315608071387,ok
0.9,0.1,5,5,900,1.0,1.2070000526476148,12.793460564772078,ok
0.9,0.1,5,10,300,0.8,1.1310714687819843,12.039156170952802,ok
0.9,0.1,5,10,300,0.9,1.1332265270482489,12.152028898744144,ok
0.9,0.1,5,10,300,1.0,1.1383568867102758,12.076557231443203,ok
0.9,0.1,5,10,600,0.8,1.1761036817589003,12.505454974786526,ok
0.9,0.1,5,10,600,0.9,1.1635614729999029,12.496887519293232,ok
0.9,0.1,5,10,600,1.0,1.1708717059898213,12.44147906917885,ok
0.9,0.1,5,10,900,0.8,1.2044158704019976,12.772055366323016,ok
0.9,0.1,5,10,900,0.9,1.1869848263234732,12.713067049934907,ok
0.9,0.1,5,10,900,1.0,1.1918453322386813,12.700242123516924,ok
0.9,0.1,7,1,300,0.8,1.243321768282398,13.295454167067575,ok
0.9,0.1,7,1,300,0.9,1.2344414214188848,13.121676296688289,ok
0.9,0.1,7,1,300,1.0,1.2228496086916518,12.936390862928446,ok
0.9,0.1,7,1,600,0.8,1.2520022717820851,13.409081426605773,ok
0.9,0.1,7,1,600,0.9,1.2448585102298757,13.22824174731373,ok
0.9,0.1,7,1,600,1.0,1.243438099826533,13.105533233526614,ok
0.9,0.1,7,1,900,0.8,1.2546014733494604,13.43015031678918,ok
0.9,0.1,7,1,900,0.9,1.2447800914306335,13.232047679072828,ok
0.9,0.1,7,1,900,1.0,1.2509261197976973,13.160839288133433,ok
0.9,0.1,7,5,300,0.8,1.175461408064592,12.57231837417626,ok
0.9,0.1,7,5,300,0.9,1.1630556712058224,12.542158943649873,ok
0.9,0.1,7,5,300,1.0,1.186557714033267,12.66405881233439,ok
0.9,0.1,7,5,600,0.8,1.1985524157967118,12.758732064926374,ok
0.9,0.1,7,5,600,0.9,1.1921518184194326,12.794735935068113,ok
0.9,0.1,7,5,600,1.0,1.2074429005877403,12.84720598344735,ok
0.9,0.1,7,5,900,0.8,1.2026457392952472,12.798233994284061,ok
0.9,0.1,7,5,900,0.9,1.1984424512533964,12.850532716941746,ok
0.9,0.1,7,5,900,1.0,1.2144098814811,12.890333996614356,ok
0.9,0.1,7,10,300,0.8,1.1652992539338032,12.385478739957017,ok
0.9,0.1,7,10,300,0.9,1.1529012330428114,12.392274563154073,ok
0.9,0.1,7,10,300,1.0,1.1706773438385178,12.332947876923733,ok
0.9,0.1,7,10,600,0.8,1.2073237635110434,12.809082776047893,ok
0.9,0.1,7,10,600,0.9,1.1923727699478488,12.743828849377655,ok
0.9,0.1,7,10,600,1.0,1.1995648162131984,12.630627493685719,ok
0.9,0.1,7,10,900,0.8,1.2177731040067044,12.905435153245573,ok
0.9,0.1,7,10,900,0.9,1.2078617539859156,12.878909332523099,ok
0.9,0.1,7,10,900,1.0,1.206779559238675,12.733043516809808,ok
1.0,0.03,3,1,300,0.8,1.0722861896752045,11.511527414152715,ok
1.0,0.03,3,1,300,0.9,1.0753559417561083,11.529352594803775,ok
1.0,0.03,3,1,300,1.0,1.074852574050687,11.515766573739391,ok
1.0,0.03,3,1,600,0.8,1.07259031149095,11.569233281522752,ok
1.0,0.03,3,1,600,0.9,1.0852212630411497,11.679182712690187,ok
1.0,0.03,3,1,600,1.0,1.088623727065632,11.722365007424415,ok
1.0,0.03,3,1,900,0.8,1.0834167957871172,11.69390456443196,ok
1.0,0.03,3,1,900,0.9,1.1004876145583156,11.85450934034666,ok
1.0,0.03,3,1,900,1.0,1.1043853362006981,11.879925185408709,ok
1.0,0.03,3,5,300,0.8,1.060354680149932,11.366474271057678,ok
1.0,0.03,3,5,300,0.9,1.065794732144664,11.402170723352373,ok
1.0,0.03,3,5,300,1.0,1.071654637504628,11.454262340486085,ok
1.0,0.03,3,5,600,0.8,1.0629763458447936,11.48273923498603,ok
1.0,0.03,3,5,600,0.9,1.0712519187285483,11.539941217118365,ok
1.0,0.03,3,5,600,1.0,1.0842298540382929,11.655361690331057,ok
1.0,0.03,3,5,900,0.8,1.0716639963188284,11.563020321785144,ok
1.0,0.03,3,5,900,0.9,1.0815331911565769,11.710348312922092,ok
1.0,0.03,3,5,900,1.0,1.096909738586804,11.815911891061795,ok
1.0,0.03,3,10,300,0.8,1.0655741499155569,11.418798271034635,ok
1.0,0.03,3,10,300,0.9,1.0689478010557636,11.408271665626424,ok
1.0,0.03,3,10,300,1.0,1.0663226293927932,11.391438477314413,ok
1.0,0.03,3,10,600,0.8,1.071281416280972,11.504599403691618,ok
1.0,0.03,3,10,600,0.9,1.0771443346661735,11.55328811574206,ok
1.0,0.03,3,10,600,1.0,1.079689293983613,11.56463052280966,ok
1.0,0.03,3,10,900,0.8,1.0753293559727084,11.563052740512477,ok
1.0,0.03,3,10,900,0.9,1.0844077089688364,11.651223154777579,ok
1.0,0.03,3,10,900,1.0,1.0954126772227435,11.740168740506924,ok
1.0,0.03,5,1,300,0.8,1.102970728703433,11.825457838831662,ok
1.0,0.03,5,1,300,0.9,1.1166166281245398,12.015281087991369,ok
1.0,0.03,5,1,300,1.0,1.1229297862618413,12.029740383176518,ok
1.0,0.03,5,1,600,0.8,1.120017804552575,12.022166121707945,ok
1.0,0.03,5,1,600,0.9,1.1403670636656176,12.233149415145382,ok
1.0,0.03,5,1,600,1.0,1.1641622289844198,12.443209942283676,ok
1.0,0.03,5,1,900,0.8,1.1451337016815244,12.248377437057998,ok
1.0,0.03,5,1,900,0.9,1.1646094668340967,12.446600150743228,ok
1.0,0.03,5,1,900,1.0,1.181820425539367,12.645825297804576,ok
1.0,0.03,5,5,300,0.8,1.0787084806531975,11.583091346609594,ok
1.0,0.03,5,5,300,0.9,1.0855560645420659,11.668689028828801,ok
1.0,0.03,5,5,300,1.0,1.0994959358860792,11.811091425224387,ok
1.0,0.03,5,5,600,0.8,1.1003892886443738,11.780846583520283,ok
1.0,0.03,5,5,600,0.9,1.102223732745578,11.845793796445989,ok
1.0,0.03,5,5,600,1.0,1.1382410772683993,12.169575113721523,ok
1.0,0.03,5,5,900,0.8,1.1142090567001237,11.961569111407536,ok
1.0,0.03,5,5,900,0.9,1.1237717704378314,12.037022797474378,ok
1.0,0.03,5,5,900,1.0,1.1491073304356094,12.28336468016155,ok
1.0,0.03,5,10,300,0.8,1.0765017149242995,11.574552661103445,ok
1.0,0.03,5,10,300,0.9,1.077027094321859,11.532702607294043,ok
1.0,0.03,5,10,300,1.0,1.0907952216944385,11.692990158499658,ok
1.0,0.03,5,10,600,0.8,1.1029458544144775,11.825187165883523,ok
1.0,0.03,5,10,600,0.9,1.1078273552260496,11.858909592796978,ok
1.0,0.03,5,10,600,1.0,1.124188491436209,11.951937667810745,ok
1.0,0.03,5,10,900,0.8,1.1148874325550089,11.97163902031565,ok
1.0,0.03,5,10,900,0.9,1.124392246792977,12.00369788817977,ok
1.0,0.03,5,10,900,1.0,1.1453165849818627,12.183959727756775,ok
1.0,0.03,7,1,300,0.8,1.154559069878149,12.379387002210995,ok
1.0,0.03,7,1,300,0.9,1.1641395082498083,12.439169954042622,ok
1.0,0.03,7,1,300,1.0,1.1579484500571269,12.353752964920862,ok
1.0,0.03,7,1,600,0.8,1.1712258756800529,12.583951652723913,ok
1.0,0.03,7,1,600,0.9,1.1949998329215792,12.696501231703287,ok
1.0,0.03,7,1,600,1.0,1.1889889124297262,12.591614150295252,ok
1.0,0.03,7,1,900,0.8,1.1903855908549117,12.738842652592881,ok
1.0,0.03,7,1,900,0.9,1.211458036424689,12.832014099511376,ok
1.0,0.03,7,1,900,1.0,1.194828226543931,12.665691596662931,ok
1.0,0.03,7,5,300,0.8,1.0976710524398157,11.73021237273234,ok
1.0,0.03,7,5,300,0.9,1.1030183253894237,11.788275631784671,ok
1.0,0.03,7,5,300,1.0,1.1133918495220911,11.857987562053754,ok
1.0,0.03,7,5,600,0.8,1.1215217237284039,11.990698578148281,ok
1.0,0.03,7,5,600,0.9,1.1274374642807359,12.040828769273485,ok
1.0,0.03,7,5,600,1.0,1.1336157218135248,12.06182664894382,ok
1.0,0.03,7,5,900,0.8,1.1481640205570751,12.250457749566394,ok
1.0,0.03,7,5,900,0.9,1.145085445489192,12.215482229893928,ok
1.0,0.03,7,5,900,1.0,1.1512008670980045,12.255151036071299,ok
1.0,0.03,7,10,300,0.8,1.0853846736426034,11.635803094616033,ok
1.0,0.03,7,10,300,0.9,1.103896321374875,11.7417319935102,ok
1.0,0.03,7,10,300,1.0,1.1023040570601816,11.745601087686307,ok
1.0,0.03,7,10,600,0.8,1.1117369983905734,11.866915171623571,ok
1.0,0.03,7,10,600,0.9,1.1290551997131102,11.97689497753176,ok
1.0,0.03,7,10,600,1.0,1.1527449473420401,12.145455525872393,ok
1.0,0.03,7,10,900,0.8,1.1302802287218028,12.04638423032573,ok
1.0,0.03,7,10,900,0.9,1.146773325901832,12.16743823662458,ok
1.0,0.03,7,10,900,1.0,1.1785249164761935,12.384422710151107,ok
1.0,0.05,3,1,300,0.8,1.0779772525441205,11.55834881989917,ok
1.0,0.05,3,1,300,0.9,1.08500174688274,11.65665128703627,ok
1.0,0.05,3,1,300,1.0,1.087508263285867,11.66785655403798,ok
1.0,0.05,3,1,600,0.8,1.0943909350487204,11.80061340477882,ok
1.0,0.05,3,1,600,0.9,1.1118332112936735,11.981869048304366,ok
1.0,0.05,3,1,600,1.0,1.1237402310826206,12.057950410925363,ok
1.0,0.05,3,1,900,0.8,1.104638097779789,11.897203343773242,ok
1.0,0.05,3,1,900,0.9,1.1376448134345665,12.251153145142746,ok
1.0,0.05,3,1,900,1.0,1.145666585541893,12.291555538614764,ok
1.0,0.05,3,5,300,0.8,1.064295550290734,11.448909537842571,ok
1.0,0.05,3,5,300,0.9,1.0722491064526967,11.509553387178343,ok
1.0,0.05,3,5,300,1.0,1.0856969858956127,11.664700477551108,ok
1.0,0.05,3,5,600,0.8,1.085356149464341,11.738515554762062,ok
1.0,0.05,3,5,600,0.9,1.0824409966166455,11.708093798926718,ok
1.0,0.05,3,5,600,1.0,1.106012198476617,11.927703991661401,ok
1.0,0.05,3,5,900,0.8,1.09901869849983,11.888848344304542,ok
1.0,0.05,3,5,900,0.9,1.1024570632333182,11.927589732986398,ok
1.0,0.05,3,5,900,1.0,1.123210653059583,12.130718540476359,ok
1.0,0.05,3,10,300,0.8,1.0707207041202709,11.48993617474567,ok
1.0,0.05,3,10,300,0.9,1.0767788565812337,11.507437331092436,ok
1.0,0.05,3,10,300,1.0,1.0784496406414574,11.541810675123727,ok
1.0,0.05,3,10,600,0.8,1.0857997374020278,11.693899629322509,ok
1.0,0.05,3,10,600,0.9,1.0937884582661928,11.766441497668682,ok
1.0,0.05,3,10,600,1.0,1.1069927507840318,11.85711095694754,ok
1.0,0.05,3,10,900,0.8,1.0940084728215578,11.806514976799166,ok
1.0,0.05,3,10,900,0.9,1.1084823458417272,11.924142168773088,ok
1.0,0.05,3,10,900,1.0,1.1309970478918696,12.137215484916451,ok
1.0,0.05,5,1,300,0.8,1.138524953934762,12.282666265831526,ok
1.0,0.05,5,1,300,0.9,1.1306740389313317,12.152806724371446,ok
1.0,0.05,5,1,300,1.0,1.1432433545692826,12.234843941251942,ok
1.0,0.05,5,1,600,0.8,1.1632487266156544,12.514798072388611,ok
1.0,0.05,5,1,600,0.9,1.1564391199419268,12.42874996419524,ok
1.0,0.05,5,1,600,1.0,1.1645894488051298,12.46520525409239,ok
1.0,0.05,5,1,900,0.8,1.1876647810246757,12.741866008533988,ok
1.0,0.05,5,1,900,0.9,1.170307193882324,12.605995602570758,ok
1.0,0.05,5,1,900,1.0,1.1911678988604786,12.718304081610299,ok
1.0,0.05,5,5,300,0.8,1.0852417998006423,11.65511394208914,ok
1.0,0.05,5,5,300,0.9,1.1113597607479906,11.865538473985167,ok
1.0,0.05,5,5,300,1.0,1.1542199131635984,12.346068151741346,ok
1.0,0.05,5,5,600,0.8,1.1060836734006683,11.918939171786107,ok
1.0,0.05,5,5,600,0.9,1.1322782605059225,12.10726448730318,ok
1.0,0.05,5,5,600,1.0,1.175084969811256,12.557738930183703,ok
1.0,0.05,5,5,900,0.8,1.1258631293897228,12.112730827544553,ok
1.0,0.05,5,5,900,0.9,1.150837831052379,12.279924607977454,ok
1.0,0.05,5,5,900,1.0,1.2042795553511811,12.830495917390706,ok
1.0,0.05,5,10,300,0.8,1.0791849920145329,11.579164430198345,ok
1.0,0.05,5,10,300,0.9,1.1190233145407842,11.886846172735238,ok
1.0,0.05,5,10,300,1.0,1.1366168532237695,12.083609389815283,ok
1.0,0.05,5,10,600,0.8,1.117036193544809,11.906460477797847,ok
1.0,0.05,5,10,600,0.9,1.1467151333301926,12.228226080130451,ok
1.0,0.05,5,10,600,1.0,1.1633833675447205,12.355760235386956,ok
1.0,0.05,5,10,900,0.8,1.1313645567610287,12.03835750790567,ok
1.0,0.05,5,10,900,0.9,1.1637904170644737,12.410448435848643,ok
1.0,0.05,5,10,900,1.0,1.176853211897817,12.491775040210186,ok
1.0,0.05,7,1,300,0.8,1.1866388748717138,12.66465386766844,ok
1.0,0.05,7,1,300,0.9,1.169756435835229,12.585420054046066,ok
1.0,0.05,7,1,300,1.0,1.1707035057975756,12.534195641778847,ok
1.0,0.05,7,1,600,0.8,1.2053673525850266,12.890190113400008,ok
1.0,0.05,7,1,600,0.9,1.1927507306106118,12.824449962438953,ok
1.0,0.05,7,1,600,1.0,1.199617659960108,12.773441808831754,ok
1.0,0.05,7,1,900,0.8,1.2108872280306215,12.960079965425379,ok
1.0,0.05,7,1,900,0.9,1.2120284051468329,12.980102688443674,ok
1.0,0.05,7,1,900,1.0,1.2130681968285772,12.903245245446872,ok
1.0,0.05,7,5,300,0.8,1.1059424209358484,11.835116812378798,ok
1.0,0.05,7,5,300,0.9,1.1227499535261118,12.01007908682333,ok
1.0,0.05,7,5,300,1.0,1.1656632511421272,12.38331435549198,ok
1.0,0.05,7,5,600,0.8,1.1405226468688459,12.17156870867419,ok
1.0,0.05,7,5,600,0.9,1.1473001625166623,12.230481914935634,ok
1.0,0.05,7,5,600,1.0,1.1975708063620922,12.719589830598396,ok
1.0,0.05,7,5,900,0.8,1.1574076447190809,12.331593689823015,ok
1.0,0.05,7,5,900,0.9,1.1599306773088456,12.378105140085493,ok
1.0,0.05,7,5,900,1.0,1.2150098685932076,12.909796888391217,ok
1.0,0.05,7,10,300,0.8,1.1008238480629282,11.746038729671845,ok
1.0,0.05,7,10,300,0.9,1.1224786979612684,11.967935129740628,ok
1.0,0.05,7,10,300,1.0,1.1479308748124828,12.156402456709053,ok
1.0,0.05,7,10,600,0.8,1.141068295632245,12.135013281993677,ok
1.0,0.05,7,10,600,0.9,1.1636418331695242,12.351566640506995,ok
1.0,0.05,7,10,600,1.0,1.1884300516909676,12.52763596999699,ok
1.0,0.05,7,10,900,0.8,1.156650841048173,12.278365743102189,ok
1.0,0.05,7,10,900,0.9,1.174532378491553,12.484032575697709,ok
1.0,0.05,7,10,900,1.0,1.2057359429534937,12.689056504203068,ok
1.0,0.1,3,1,300,0.8,1.1294510703268936,12.08100006448043,ok
1.0,0.1,3,1,300,0.9,1.1143110169635888,11.911369738745332,ok
1.0,0.1,3,1,300,1.0,1.1333825160929758,12.093143261024911,ok
1.0,0.1,3,1,600,0.8,1.1626497408666674,12.449847343737623,ok
1.0,0.1,3,1,600,0.9,1.14005579649212,12.204254496186941,ok
1.0,0.1,3,1,600,1.0,1.1907513923527038,12.709295630463119,ok
1.0,0.1,3,1,900,0.8,1.1806922934372241,12.621071136995173,ok
1.0,0.1,3,1,900,0.9,1.1735944463363595,12.523250807739824,ok
1.0,0.1,3,1,900,1.0,1.2366858771503302,13.240047209500258,ok
1.0,0.1,3,5,300,0.8,1.0830873467861948,11.628476222448551,ok
1.0,0.1,3,5,300,0.9,1.1018719274123325,11.811338137466953,ok
1.0,0.1,3,5,300,1.0,1.1014218817890187,11.844187158571081,ok
1.0,0.1,3,5,600,0.8,1.110318639055511,11.94330771250545,ok
1.0,0.1,3,5,600,0.9,1.1366486601533308,12.185714475315285,ok
1.0,0.1,3,5,600,1.0,1.1347562515699061,12.218641701246325,ok
1.0,0.1,3,5,900,0.8,1.117531678045165,12.06642608076772,ok
1.0,0.1,3,5,900,0.9,1.1644873943243816,12.49139722990478,ok
1.0,0.1,3,5,900,1.0,1.1451015566526406,12.366439389549594,ok
1.0,0.1,3,10,300,0.8,1.099214121575466,11.718217827755414,ok
1.0,0.1,3,10,300,0.9,1.0962782871925931,11.758053775020217,ok
1.0,0.1,3,10,300,1.0,1.1129475686356063,11.90560709937725,ok
1.0,0.1,3,10,600,0.8,1.1400833895867164,12.093846737319046,ok
1.0,0.1,3,10,600,0.9,1.116539549107058,12.039345697424391,ok
1.0,0.1,3,10,600,1.0,1.1598324682038674,12.436126668217447,ok
1.0,0.1,3,10,900,0.8,1.1440364518839474,12.202662376841834,ok
1.0,0.1,3,10,900,0.9,1.138063003488757,12.269427750260359,ok
1.0,0.1,3,10,900,1.0,1.1775551961125847,12.60136649262219,ok
1.0,0.1,5,1,300,0.8,1.1649855227857493,12.461709858332881,ok
1.0,0.1,5,1,300,0.9,1.185606275174389,12.636921690822247,ok
1.0,0.1,5,1,300,1.0,1.1828035445810083,12.623547385935481,ok
1.0,0.1,5,1,600,0.8,1.1983221539256224,12.810357890868616,ok
1.0,0.1,5,1,600,0.9,1.2196666726272767,12.983261955922037,ok
1.0,0.1,5,1,600,1.0,1.222376040882861,13.061815360159443,ok
1.0,0.1,5,1,900,0.8,1.2122294919459276,12.953697359357475,ok
1.0,0.1,5,1,900,0.9,1.2336787986008344,13.11571839294542,ok
1.0,0.1,5,1,900,1.0,1.2393414909764044,13.287069187026832,ok
1.0,0.1,5,5,300,0.8,1.1557222188203147,12.394098962267243,ok
1.0,0.1,5,5,300,0.9,1.154881739992088,12.249557581743966,ok
1.0,0.1,5,5,300,1.0,1.183050877585372,12.583368872517626,ok
1.0,0.1,5,5,600,0.8,1.196129414537282,12.848769060282281,ok
1.0,0.1,5,5,600,0.9,1.1870626710936403,12.49394500433695,ok
1.0,0.1,5,5,600,1.0,1.2242936419812536,13.012325688180097,ok
1.0,0.1,5,5,900,0.8,1.2180221805869833,13.076555894312348,ok
1.0,0.1,5,5,900,0.9,1.2020132728581645,12.675284896133416,ok
1.0,0.1,5,5,900,1.0,1.2289616040257827,13.07375356059636,ok
1.0,0.1,5,10,300,0.8,1.1672433693769702,12.346026911050265,ok
1.0,0.1,5,10,300,0.9,1.166647454160918,12.350916001382874,ok
1.0,0.1,5,10,300,1.0,1.165134584461662,12.405219080981805,ok
1.0,0.1,5,10,600,0.8,1.2195033086410239,12.837591676143099,ok
1.0,0.1,5,10,600,0.9,1.2122070228927493,12.77579813025073,ok
1.0,0.1,5,10,600,1.0,1.1995797222193434,12.742520252378851,ok
1.0,0.1,5,10,900,0.8,1.2453681014004259,13.093557233886042,ok
1.0,0.1,5,10,900,0.9,1.2277768525854786,12.944917635922888,ok
1.0,0.1,5,10,900,1.0,1.223173411788262,12.919317800013268,ok
1.0,0.1,7,1,300,0.8,1.2466571650160596,12.990668766125133,ok
1.0,0.1,7,1,300,0.9,1.192025651926462,12.668525868391106,ok
1.0,0.1,7,1,300,1.0,1.2015939369950495,12.932252531978916,ok
1.0,0.1,7,1,600,0.8,1.2589538342867694,13.139608218578518,ok
1.0,0.1,7,1,600,0.9,1.2054904221332479,12.761797641373208,ok
1.0,0.1,7,1,600,1.0,1.2154143864209022,13.093576118781622,ok
1.0,0.1,7,1,900,0.8,1.2611349212596645,13.165207192935513,ok
1.0,0.1,7,1,900,0.9,1.2081262161272246,12.78614622955069,ok
1.0,0.1,7,1,900,1.0,1.2195173619268822,13.117581310794757,ok
1.0,0.1,7,5,300,0.8,1.1620396736453087,12.423434096182826,ok
1.0,0.1,7,5,300,0.9,1.1743837255794103,12.465565886283958,ok
1.0,0.1,7,5,300,1.0,1.2012277494497419,12.801872188562909,ok
1.0,0.1,7,5,600,0.8,1.1753029211310189,12.592281332696029,ok
1.0,0.1,7,5,600,0.9,1.1825375272532055,12.604440589234327,ok
1.0,0.1,7,5,600,1.0,1.2230024697468573,13.019051244957238,ok
1.0,0.1,7,5,900,0.8,1.1816468348814864,12.650147113348144,ok
1.0,0.1,7,5,900,0.9,1.1895296138102451,12.674359255370607,ok
1.0,0.1,7,5,900,1.0,1.2325915352519772,13.094051858432804,ok
1.0,0.1,7,10,300,0.8,1.159506181652521,12.310291483108278,ok
1.0,0.1,7,10,300,0.9,1.1623634781444816,12.354131221825543,ok
1.0,0.1,7,10,300,1.0,1.189368740993342,12.57248277682057,ok
1.0,0.1,7,10,600,0.8,1.1995415630925887,12.69039587987452,ok
1.0,0.1,7,10,600,0.9,1.2012266099902915,12.72049739785317,ok
1.0,0.1,7,10,600,1.0,1.2245111364256283,12.900650693881946,ok
1.0,0.1,7,10,900,0.8,1.213827991815547,12.821118832923315,ok
1.0,0.1,7,10,900,0.9,1.208731981588309,12.820336045185247,ok
1.0,0.1,7,10,900,1.0,1.2314943309443402,12.985262019561107,ok
